X,Y,DEMAND_UNITS,TW_START,TW_END,SERVICE,IS_DEPOT,MASS_PER_UNIT_KG,VOL_PER_UNIT_L,lat,lon
40.0,50.0,0.0,0.0,240.0,0.0,1,5.0,5.0,-7.575488,110.824327
25.0,85.0,20.0,145.0,175.0,10.0,0,5.0,5.0,-7.417830342342342,110.75616451234107
22.0,75.0,30.0,50.0,80.0,10.0,0,5.0,5.0,-7.462875387387387,110.7425320148093
22.0,85.0,10.0,109.0,139.0,10.0,0,5.0,5.0,-7.417830342342342,110.7425320148093
20.0,80.0,40.0,141.0,171.0,10.0,0,5.0,5.0,-7.440352864864865,110.73344368312144
20.0,85.0,20.0,41.0,71.0,10.0,0,5.0,5.0,-7.417830342342342,110.73344368312144
18.0,75.0,20.0,95.0,125.0,10.0,0,5.0,5.0,-7.462875387387387,110.72435535143359
15.0,75.0,20.0,79.0,109.0,10.0,0,5.0,5.0,-7.462875387387387,110.7107228539018
15.0,80.0,10.0,91.0,121.0,10.0,0,5.0,5.0,-7.440352864864865,110.7107228539018
10.0,35.0,20.0,91.0,121.0,10.0,0,5.0,5.0,-7.6430555675675675,110.68800202468216
10.0,40.0,30.0,119.0,149.0,10.0,0,5.0,5.0,-7.620533045045045,110.68800202468216
8.0,40.0,40.0,59.0,89.0,10.0,0,5.0,5.0,-7.620533045045045,110.6789136929943
8.0,45.0,20.0,64.0,94.0,10.0,0,5.0,5.0,-7.5980105225225225,110.6789136929943
5.0,35.0,10.0,142.0,172.0,10.0,0,5.0,5.0,-7.6430555675675675,110.66528119546253
5.0,45.0,10.0,35.0,65.0,10.0,0,5.0,5.0,-7.5980105225225225,110.66528119546253
2.0,40.0,20.0,58.0,88.0,10.0,0,5.0,5.0,-7.620533045045045,110.65164869793074
0.0,40.0,20.0,72.0,102.0,10.0,0,5.0,5.0,-7.620533045045045,110.64256036624288
0.0,45.0,20.0,149.0,179.0,10.0,0,5.0,5.0,-7.5980105225225225,110.64256036624288
44.0,5.0,20.0,87.0,117.0,10.0,0,5.0,5.0,-7.778190702702703,110.84250366337571
42.0,10.0,40.0,72.0,102.0,10.0,0,5.0,5.0,-7.75566818018018,110.83341533168785
42.0,15.0,10.0,122.0,152.0,10.0,0,5.0,5.0,-7.733145657657658,110.83341533168785
40.0,5.0,10.0,67.0,97.0,10.0,0,5.0,5.0,-7.778190702702703,110.824327
40.0,15.0,40.0,92.0,122.0,10.0,0,5.0,5.0,-7.733145657657658,110.824327
38.0,5.0,30.0,65.0,95.0,10.0,0,5.0,5.0,-7.778190702702703,110.81523866831215
38.0,15.0,10.0,148.0,178.0,10.0,0,5.0,5.0,-7.733145657657658,110.81523866831215
35.0,5.0,20.0,154.0,184.0,10.0,0,5.0,5.0,-7.778190702702703,110.80160617078036
95.0,30.0,30.0,115.0,145.0,10.0,0,5.0,5.0,-7.66557809009009,111.07425612141603
95.0,35.0,20.0,62.0,92.0,10.0,0,5.0,5.0,-7.6430555675675675,111.07425612141603
92.0,30.0,10.0,62.0,92.0,10.0,0,5.0,5.0,-7.66557809009009,111.06062362388424
90.0,35.0,10.0,67.0,97.0,10.0,0,5.0,5.0,-7.6430555675675675,111.05153529219639
88.0,30.0,10.0,74.0,104.0,10.0,0,5.0,5.0,-7.66557809009009,111.04244696050853
88.0,35.0,20.0,61.0,91.0,10.0,0,5.0,5.0,-7.6430555675675675,111.04244696050853
87.0,30.0,10.0,131.0,161.0,10.0,0,5.0,5.0,-7.66557809009009,111.0379027946646
85.0,25.0,10.0,51.0,81.0,10.0,0,5.0,5.0,-7.688100612612613,111.02881446297675
85.0,35.0,30.0,111.0,141.0,10.0,0,5.0,5.0,-7.6430555675675675,111.02881446297675
67.0,85.0,20.0,139.0,169.0,10.0,0,5.0,5.0,-7.417830342342342,110.94701947778604
65.0,85.0,40.0,43.0,73.0,10.0,0,5.0,5.0,-7.417830342342342,110.9379311460982
65.0,82.0,10.0,124.0,154.0,10.0,0,5.0,5.0,-7.4313438558558556,110.9379311460982
62.0,80.0,30.0,75.0,105.0,10.0,0,5.0,5.0,-7.440352864864865,110.9242986485664
60.0,80.0,10.0,37.0,67.0,10.0,0,5.0,5.0,-7.440352864864865,110.91521031687856
60.0,85.0,30.0,85.0,115.0,10.0,0,5.0,5.0,-7.417830342342342,110.91521031687856
58.0,75.0,20.0,92.0,122.0,10.0,0,5.0,5.0,-7.462875387387387,110.9061219851907
55.0,80.0,10.0,33.0,63.0,10.0,0,5.0,5.0,-7.440352864864865,110.89248948765892
55.0,85.0,20.0,128.0,158.0,10.0,0,5.0,5.0,-7.417830342342342,110.89248948765892
55.0,82.0,10.0,64.0,94.0,10.0,0,5.0,5.0,-7.4313438558558556,110.89248948765892
20.0,82.0,10.0,37.0,67.0,10.0,0,5.0,5.0,-7.4313438558558556,110.73344368312144
18.0,80.0,10.0,113.0,143.0,10.0,0,5.0,5.0,-7.440352864864865,110.72435535143359
2.0,45.0,10.0,45.0,75.0,10.0,0,5.0,5.0,-7.5980105225225225,110.65164869793074
42.0,5.0,10.0,151.0,181.0,10.0,0,5.0,5.0,-7.778190702702703,110.83341533168785
42.0,12.0,10.0,104.0,134.0,10.0,0,5.0,5.0,-7.746659171171171,110.83341533168785
72.0,35.0,30.0,116.0,146.0,10.0,0,5.0,5.0,-7.6430555675675675,110.9697403070057
55.0,20.0,19.0,83.0,113.0,10.0,0,5.0,5.0,-7.710623135135135,110.89248948765892
25.0,30.0,3.0,52.0,82.0,10.0,0,5.0,5.0,-7.66557809009009,110.75616451234107
20.0,50.0,5.0,91.0,121.0,10.0,0,5.0,5.0,-7.575488,110.73344368312144
55.0,60.0,16.0,139.0,169.0,10.0,0,5.0,5.0,-7.530442954954955,110.89248948765892
30.0,60.0,16.0,140.0,170.0,10.0,0,5.0,5.0,-7.530442954954955,110.77888534156072
50.0,35.0,19.0,130.0,160.0,10.0,0,5.0,5.0,-7.6430555675675675,110.86976865843927
30.0,25.0,23.0,96.0,126.0,10.0,0,5.0,5.0,-7.688100612612613,110.77888534156072
15.0,10.0,20.0,152.0,182.0,10.0,0,5.0,5.0,-7.75566818018018,110.7107228539018
10.0,20.0,19.0,42.0,72.0,10.0,0,5.0,5.0,-7.710623135135135,110.68800202468216
15.0,60.0,17.0,155.0,185.0,10.0,0,5.0,5.0,-7.530442954954955,110.7107228539018
45.0,65.0,9.0,66.0,96.0,10.0,0,5.0,5.0,-7.5079204324324325,110.84704782921963
65.0,35.0,3.0,52.0,82.0,10.0,0,5.0,5.0,-7.6430555675675675,110.9379311460982
65.0,20.0,6.0,39.0,69.0,10.0,0,5.0,5.0,-7.710623135135135,110.9379311460982
45.0,30.0,17.0,53.0,83.0,10.0,0,5.0,5.0,-7.66557809009009,110.84704782921963
35.0,40.0,16.0,11.0,41.0,10.0,0,5.0,5.0,-7.620533045045045,110.80160617078036
41.0,37.0,16.0,133.0,163.0,10.0,0,5.0,5.0,-7.634046558558558,110.82887116584392
64.0,42.0,9.0,70.0,100.0,10.0,0,5.0,5.0,-7.611524036036036,110.93338698025427
40.0,60.0,21.0,144.0,174.0,10.0,0,5.0,5.0,-7.530442954954955,110.824327
31.0,52.0,27.0,41.0,71.0,10.0,0,5.0,5.0,-7.566478990990991,110.78342950740465
35.0,69.0,23.0,180.0,210.0,10.0,0,5.0,5.0,-7.489902414414415,110.80160617078036
65.0,55.0,14.0,65.0,95.0,10.0,0,5.0,5.0,-7.5529654774774775,110.9379311460982
63.0,65.0,8.0,30.0,60.0,10.0,0,5.0,5.0,-7.5079204324324325,110.92884281441033
2.0,60.0,5.0,77.0,107.0,10.0,0,5.0,5.0,-7.530442954954955,110.65164869793074
20.0,20.0,8.0,141.0,171.0,10.0,0,5.0,5.0,-7.710623135135135,110.73344368312144
5.0,5.0,16.0,74.0,104.0,10.0,0,5.0,5.0,-7.778190702702703,110.66528119546253
60.0,12.0,31.0,75.0,105.0,10.0,0,5.0,5.0,-7.746659171171171,110.91521031687856
23.0,3.0,7.0,150.0,180.0,10.0,0,5.0,5.0,-7.787199711711712,110.74707618065322
8.0,56.0,27.0,90.0,120.0,10.0,0,5.0,5.0,-7.548460972972973,110.6789136929943
6.0,68.0,30.0,89.0,119.0,10.0,0,5.0,5.0,-7.494406918918919,110.66982536130645
47.0,47.0,13.0,192.0,222.0,10.0,0,5.0,5.0,-7.589001513513513,110.8561361609075
49.0,58.0,10.0,86.0,116.0,10.0,0,5.0,5.0,-7.539451963963964,110.86522449259535
27.0,43.0,9.0,42.0,72.0,10.0,0,5.0,5.0,-7.607019531531532,110.76525284402894
37.0,31.0,14.0,35.0,65.0,10.0,0,5.0,5.0,-7.661073585585585,110.81069450246821
57.0,29.0,18.0,96.0,126.0,10.0,0,5.0,5.0,-7.670082594594595,110.90157781934677
63.0,23.0,2.0,87.0,117.0,10.0,0,5.0,5.0,-7.697109621621622,110.92884281441033
21.0,24.0,28.0,87.0,117.0,10.0,0,5.0,5.0,-7.692605117117117,110.73798784896536
12.0,24.0,13.0,90.0,120.0,10.0,0,5.0,5.0,-7.692605117117117,110.69709035637001
24.0,58.0,19.0,67.0,97.0,10.0,0,5.0,5.0,-7.539451963963964,110.75162034649715
67.0,5.0,25.0,144.0,174.0,10.0,0,5.0,5.0,-7.778190702702703,110.94701947778604
37.0,47.0,6.0,86.0,116.0,10.0,0,5.0,5.0,-7.589001513513513,110.81069450246821
49.0,42.0,13.0,167.0,197.0,10.0,0,5.0,5.0,-7.611524036036036,110.86522449259535
53.0,43.0,14.0,14.0,44.0,10.0,0,5.0,5.0,-7.607019531531532,110.88340115597106
61.0,52.0,3.0,178.0,208.0,10.0,0,5.0,5.0,-7.566478990990991,110.91975448272248
57.0,48.0,23.0,95.0,125.0,10.0,0,5.0,5.0,-7.584497009009009,110.90157781934677
56.0,37.0,6.0,34.0,64.0,10.0,0,5.0,5.0,-7.634046558558558,110.89703365350285
55.0,54.0,26.0,132.0,162.0,10.0,0,5.0,5.0,-7.557469981981982,110.89248948765892
4.0,18.0,35.0,120.0,150.0,10.0,0,5.0,5.0,-7.7196321441441444,110.66073702961859
26.0,52.0,9.0,46.0,76.0,10.0,0,5.0,5.0,-7.566478990990991,110.76070867818501
26.0,35.0,15.0,77.0,107.0,10.0,0,5.0,5.0,-7.6430555675675675,110.76070867818501
31.0,67.0,3.0,180.0,210.0,10.0,0,5.0,5.0,-7.498911423423423,110.78342950740465
